{
    "accuracy": 0.9499083689676237,
    "precision": 0.8763440860215054,
    "recall": 0.7342342342342343,
    "auc": 0.9429137618183554
}
